steps,reward,latency,bandwidth
83,-38.113,8.897,0.01936618
244,-68.976,20.165,0.01936618
283,-15.065,5.77,0.03211208
363,-32.072,9.432,0.01936618
387,-9.254,2.957,0.24058643
400,-4.281,1.924,0.03211208
755,-158.952,41.001,0.01936618
794,-19.028,3.384,0.01936618
838,-18.83,5.353,0.05767309
967,-54.334,15.543,0.01936618
968,1.01,0.045,0.26176816
1022,-21.629,7.263,0.03211208
1044,-7.848,2.883,0.05767309
1102,-26.865,5.262,0.04316252
1212,-48.401,12.816,0.01936618
1234,-6.942,2.564,0.11488941
1241,-2.578,0.999,0.08052643
1269,-10.906,3.818,0.02606726
1351,-34.85,8.765,0.03211208
1399,-18.867,6.005,0.04316252
1619,-98.095,27.818,0.02606726
1662,-14.681,6.205,0.03211208
1730,-27.03,8.273,0.03211208
1755,-10.911,2.973,0.11488941
1773,-5.101,1.649,0.21766825
1821,-18.366,5.45,0.05767309
1829,-0.382,1.426,0.03211208
1840,-3.565,1.254,0.14181017
1882,-16.295,4.572,0.04316252
2135,-111.518,29.425,0.01936618
2153,-7.334,1.635,0.01936618
2182,-10.553,3.694,0.01936618
2243,-23.361,7.598,0.05767309
2252,-1.489,1.146,0.11488941
2264,-2.406,1.624,0.16731505
2268,0.209,0.425,0.01936618
2288,-6.213,1.851,0.11262371
2297,-2.481,1.786,0.14181017
2312,-5.641,1.525,0.2659298
2341,-11.97,3.464,0.03211208
2369,-12.03,2.923,0.02606726
2405,-14.311,4.067,0.03211208
2413,-1.737,0.923,0.4100498
2478,-26.695,7.346,0.04316252
2494,-4.218,1.906,0.05767309
2509,-4.316,1.805,0.1292017
2566,-22.475,6.517,0.01936618
2590,-9.816,3.204,0.14181017
2627,-14.78,3.822,0.01936618
2629,1.139,0.268,0.24549004
2681,-20.317,5.336,0.03211208
2787,-45.189,11.348,0.02606726
2834,-17.711,5.8,0.04316252
3059,-100.401,29.482,0.01936618
3259,-81.455,24.665,0.02606726
3273,-5.332,1.39,0.01936618
3449,-82.819,18.946,0.01936618
3562,-49.337,12.539,0.01936618
3579,-5.342,1.878,0.1292017
3716,-58.082,18.467,0.01936618
3736,-7.619,3.011,0.01936618
3760,-8.28,2.778,0.11262371
3820,-25.622,6.436,0.06793869
3843,-9.067,2.632,0.1292017
3922,-33.519,10.254,0.02606726
3935,-2.316,1.885,0.03211208
3985,-20.393,6.815,0.01936618
4001,-4.25,1.536,0.11262371
4051,-20.546,6.595,0.03211208
4053,1.272,0.416,0.03211208
4098,-16.67,6.301,0.05767309
4126,-10.429,3.473,0.05767309
4152,-8.052,2.123,0.18957809
4203,-21.8,5.504,0.08052643
4226,-6.096,2.259,0.05767309
4297,-26.571,8.361,0.08052643
4327,-11.588,3.328,0.01936618
4345,-6.473,2.05,0.05767309
4347,1.12,0.228,0.68061019
4397,-22.702,6.639,0.02606726
4402,1.282,0.482,0.08052643
4440,-12.515,3.521,0.04316252
4451,-2.436,1.257,0.20582358
4483,-11.489,3.646,0.04316252
4494,-1.421,1.352,0.1709423
4499,0.37,0.442,0.2659298
4525,-9.014,2.459,0.11488941
4565,-17.543,5.002,0.01936618
4617,-21.866,5.332,0.04316252
4635,-5.179,2.027,0.02606726
4658,-8.142,2.796,0.21766825
4662,0.328,0.521,0.14920605
4698,-11.493,3.765,0.05767309
4775,-32.57,8.772,0.01936618
4796,-6.652,3.321,0.04316252
4852,-22.239,6.963,0.04316252
4901,-20.233,4.949,0.01936618
4948,-18.104,5.434,0.03211208
4958,-2.507,1.218,0.11488941
4990,-12.888,3.368,0.04316252
4995,0.194,0.887,0.37576764
5008,-3.384,1.519,0.11488941
5031,-9.21,2.148,0.16731505
5166,-56.233,15.089,0.01936618
5346,-79.679,20.173,0.01936618
5480,-54.487,14.86,0.01936618
5484,0.208,0.441,0.11262371
5546,-27.968,5.862,0.01936618
5573,-9.796,3.596,0.01936618
5577,0.317,0.633,0.1709423
5605,-9.988,3.186,0.02606726
5639,-14.29,3.826,0.08052643
5645,-0.647,0.587,0.18957809
5663,-5.069,2.344,0.14478646
5665,1.078,0.142,0.82091068
5668,0.05,0.258,0.45673309
5688,-10.281,2.658,0.1341009
5709,-6.952,2.886,0.08052643
5737,-11.749,3.783,0.11262371
5755,-5.403,2.375,0.04316252
5769,-5.341,1.437,0.16731505
5789,-7.436,1.416,0.2659298
5926,-54.831,16.079,0.01936618
5939,-4.551,1.352,0.04316252
5958,-5.432,2.092,0.11262371
5977,-4.74,2.753,0.02606726
5985,-1.711,1.089,0.04316252
5996,-2.434,1.446,0.1292017
5999,1.052,0.12,0.08052643
6006,-1.778,0.892,0.24058643
6017,-1.463,1.452,0.01936618
6046,-12.007,2.378,0.02606726
6063,-5.132,2.027,0.11441689
6087,-8.664,2.969,0.03211208
6104,-3.107,2.341,0.03211208
6127,-7.583,2.895,0.08052643
6204,-31.189,10.509,0.01936618
6210,0.387,0.747,0.21766825
6219,-1.528,1.24,0.05767309
6227,0.543,0.867,0.1709423
6236,-1.76,0.893,0.19993387
6239,1.195,0.349,0.24058643
6248,-2.47,1.078,0.1709423
6304,-25.303,6.789,0.04316252
6367,-26.244,6.874,0.05767309
6374,-0.685,0.673,0.01936618
6388,-5.726,0.618,0.19993387
6395,-1.5,0.756,0.28737835
6401,1.399,0.739,0.1341009
6414,-2.346,1.395,0.1292017
6459,-19.738,5.535,0.01936618
6495,-12.247,4.908,0.04316252
6500,0.38,0.729,0.11488941
6504,1.291,0.381,0.53568113
6521,-4.755,2.501,0.02606726
6533,-2.452,1.376,0.20582358
6541,-0.647,0.554,0.11262371
6550,-1.551,1.044,0.24549004
6560,-2.454,1.16,0.4100498
6570,-1.563,1.028,0.02606726
6576,-0.915,0.458,0.20848115
6589,-3.509,1.367,0.01936618
6607,-3.237,1.738,0.19993387
6620,-3.656,1.063,0.01936618
6627,-0.549,1.05,0.11441689
6645,-6.342,1.755,0.01936618
6648,1.062,0.145,0.01936618
6698,-21.319,7.221,0.03211208
6736,-17.376,4.904,0.08052643
6746,-2.577,0.942,0.1709423
6763,-6.168,1.722,0.01936618
6773,-3.575,1.108,0.16731505
6788,-4.264,1.596,0.18957809
6799,-1.441,1.647,0.11262371
6810,-1.585,0.89,0.02606726
6830,-6.27,1.986,0.04316252
6837,-1.554,1.03,0.35206481
6854,-3.641,2.67,0.16225102
6892,-16.169,4.227,0.01936618
6902,-3.46,1.31,0.1292017
6909,0.405,0.744,0.16731505
6911,1.126,0.156,0.52516486
6925,-5.237,1.97,0.02606726
6935,-2.661,1.25,0.37576764
6937,1.081,0.184,0.39507319
6939,1.097,0.281,0.14478646
6966,-9.073,2.74,0.08052643
6978,-3.433,1.137,0.14181017
6993,-2.92,2.233,0.04316252
7020,-11.057,2.413,0.11262371
7027,1.389,0.884,0.01936618
7046,-5.127,2.176,0.20582358
7095,-20.105,5.943,0.1341009
7099,1.175,0.562,0.25609067
7105,-0.733,0.774,0.1292017
7107,1.198,0.411,0.1341009
7113,-0.648,0.806,0.05767309
7118,0.267,0.717,0.14181017
7125,1.395,0.615,0.11441689
7147,-7.054,2.171,0.01936618
7152,-0.838,0.574,0.14920605
7155,1.142,0.325,0.14478646
7168,-3.24,2.001,0.05767309
7186,-5.367,1.705,0.04316252
7212,-10.731,3.238,0.08052643
7215,1.151,0.271,0.2659298
7245,-10.187,4.722,0.04316252
7260,-4.267,2.089,0.03211208
7264,1.351,0.366,0.04316252
7279,-5.424,1.574,0.05767309
7312,-11.207,4.042,0.01936618
7317,-0.854,0.44,0.33911364
7325,-1.668,1.004,0.21766825
7373,-20.055,5.955,0.04316252
7379,0.28,0.362,0.11262371
7406,-7.735,3.367,0.1341009
7409,0.167,0.353,0.24549004
7431,-5.895,3.592,0.08052643
7434,1.208,0.316,0.68061019
7474,-16.136,3.984,0.11262371
7487,-3.509,1.516,0.05767309
7527,-17.119,5.587,0.01936618
7537,-1.143,1.543,0.14478646
7572,-13.657,3.741,0.01936618
7574,1.099,0.192,0.47105341
7583,-1.348,1.763,0.22252502
7595,-2.281,1.892,0.03211208
7603,-1.34,1.115,0.06793869
7604,1.01,0.012,0.86348315
7611,-1.562,1.068,0.1292017
7618,-0.756,0.743,0.02606726
7621,1.285,0.452,0.24642506
7637,-4.126,1.999,0.06793869
7657,-6.018,2.272,0.04316252
7680,-7.696,2.906,0.06793869
7682,1.129,0.334,0.46110683
7690,-1.526,0.713,0.16731505
7693,1.262,0.41,0.35206481
7715,-8.266,2.03,0.04316252
7719,0.122,0.177,0.25033968
7743,-9.135,2.752,0.01936618
7751,-0.391,1.358,0.03211208
7757,-1.794,0.546,0.21766825
7763,-0.747,0.819,0.26176816
7770,-0.728,0.731,0.16731505
7771,1.01,0.267,0.92304744
7810,-14.599,3.582,0.11262371
7823,-3.036,1.994,0.05767309
7830,0.519,0.663,0.14181017
7836,-0.636,0.859,0.14478646
7850,-5.592,1.234,0.08052643
7855,0.468,0.609,0.06793869
7859,1.373,0.506,0.11488941
7878,-7.106,2.491,0.02606726
7884,-0.506,1.152,0.14181017
7890,-0.654,0.611,0.05767309
7896,-0.67,0.759,0.16731505
7898,1.175,0.319,0.76933899
7930,-11.5,3.164,0.11262371
7988,-23.884,7.059,0.04316252
8017,-10.747,4.071,0.03211208
8027,-1.364,1.39,0.38413427
8033,1.265,0.519,0.25033968
8038,-0.791,0.566,0.24549004
8047,-1.251,1.184,0.18957809
8055,-0.542,0.999,0.02606726
8061,0.124,0.291,0.08052643
8071,-2.703,0.886,0.1709423
8076,-0.675,0.595,0.14181017
8083,-0.752,0.678,0.02606726
8084,1.01,0.217,0.14920605
8100,-5.342,1.234,0.04316252
8109,-1.377,1.471,0.05767309
8110,1.01,0.04,0.20707
8119,-1.537,0.945,0.21766825
8132,-1.969,1.867,0.01936618
8138,-0.563,0.77,0.11488941
8148,-2.537,1.392,0.01936618
8171,-8.094,2.111,0.18957809
8181,-2.372,1.571,0.03211208
8189,-0.507,1.029,0.01936618
8193,0.306,0.589,0.05767309
8209,-3.227,1.766,0.04316252
8222,-3.467,1.032,0.08052643
8237,-4.231,1.728,0.14920605
8253,-2.863,2.322,0.06793869
8259,-1.707,0.669,0.02606726
8267,-1.571,1.041,0.20582358
8269,1.204,0.371,0.14478646
8293,-7.828,2.425,0.05767309
8350,-21.813,6.552,0.1341009
8381,-12.59,3.257,0.04316252
8387,-0.612,1.094,0.03211208
8391,0.147,0.279,0.47105341
8417,-7.189,2.79,0.22252502
8427,-1.418,1.203,0.06793869
8432,1.379,0.547,0.25033968
8446,-3.256,1.548,0.05767309
8447,1.01,0.13,0.1292017
8458,-1.303,1.775,0.1341009
8461,1.277,0.381,0.14478646
8463,1.166,0.456,0.33911364
8490,-9.546,3.567,0.03211208
8500,-2.468,1.133,0.14181017
8531,-11.487,3.278,0.11488941
8558,-9.08,3.891,0.04316252
8563,0.136,0.4,0.14478646
8569,-0.549,0.936,0.28737835
8582,-3.453,1.214,0.14920605
8583,1.01,0.14,0.04316252
8584,1.01,0.068,0.82091068
8589,0.314,0.503,0.53568113
8626,-14.529,5.372,0.01936618
8631,0.195,0.323,0.25033968
8641,-1.355,0.998,0.11441689
8661,-6.039,2.068,0.01936618
8668,-0.594,1.152,0.05767309
8692,-9.267,2.073,0.08052643
8695,0.124,0.621,0.46110683
8697,1.121,0.373,0.03211208
8701,0.129,0.4,0.11488941
8710,-1.357,1.146,0.18957809
8718,0.437,0.809,0.18957809
8727,-2.566,1.052,0.05767309
8736,-0.46,1.012,0.08052643
8744,-0.321,1.164,0.16731505
8770,-9.05,2.592,0.08052643
8774,1.276,0.528,0.21766825
8784,-0.371,1.308,0.05767309
8797,-2.539,1.164,0.01936618
8807,-2.455,1.284,0.14920605
8831,-9.057,2.202,0.11488941
8838,-1.72,1.189,0.11488941
8841,1.177,0.458,0.04316252
8849,-0.6,0.877,0.06793869
8850,1.01,0.184,0.38138034
8855,1.312,0.528,0.24058643
8869,-4.57,1.985,0.11488941
8874,-0.734,0.751,0.14920605
8898,-7.321,3.591,0.03211208
8924,-7.709,3.361,0.14181017
8937,-3.092,1.928,0.14920605
8975,-17.19,5.114,0.02606726
8981,0.508,0.714,0.30570447
9001,-9.083,2.439,0.04316252
9020,-7.443,2.74,0.04316252
9024,0.251,0.474,0.11441689
9032,-1.647,0.623,0.11262371
9047,-4.31,1.643,0.11441689
9069,-8.175,2.079,0.01936618
9085,-5.395,1.732,0.06793869
9090,-0.944,0.274,0.89725991
9094,0.189,0.482,0.35206481
9098,1.289,0.452,0.18957809
9115,-5.143,2.015,0.02606726
9118,1.22,0.284,0.2659298
9168,-21.465,6.365,0.03211208
9170,1.055,0.262,0.14920605
9172,1.128,0.262,0.16731505
9173,1.01,0.217,0.14920605
9185,-3.466,1.094,0.05767309
9213,-9.039,2.421,0.21766825
9219,-0.62,0.985,0.05767309
9222,0.139,0.229,0.28737835
9226,0.302,0.432,0.05767309
9251,-8.913,3.213,0.03211208
9261,-0.139,1.569,0.14181017
9277,-2.256,1.459,0.04316252
9282,0.264,0.441,0.1709423
9284,1.133,0.144,0.35206481
9300,-2.154,1.541,0.05767309
9313,-3.119,1.866,0.11441689
9319,-0.736,0.898,0.16225102
9323,0.183,0.639,0.33628948
9324,1.01,0.124,0.9005571
9329,-0.809,0.639,0.20582358
9346,-6.206,1.895,0.14478646
9349,1.241,0.424,0.20582358
9367,-3.853,2.269,0.06793869
9370,1.304,0.308,0.08052643
9371,1.01,0.167,0.91189265
9385,-2.313,1.54,0.11488941
9392,-0.442,1.264,0.04316252
9415,-8.132,2.927,0.03211208
9422,-0.475,1.038,0.33628948
9427,0.276,0.403,0.18957809
9435,-1.454,1.105,0.28737835
9463,-9.435,3.479,0.02606726
9483,-10.333,2.55,0.14181017
9486,0.178,0.607,0.24642506
9540,-17.761,6.54,0.03211208
9550,-1.441,1.131,0.1709423
9553,1.242,0.254,0.25082545
9569,-3.046,2.114,0.01936618
9577,-0.545,0.807,0.06793869
9589,-1.77,0.662,0.08052643
9606,-2.288,1.493,0.08052643
9627,-5.895,2.002,0.14478646
9649,-5.862,2.552,0.11488941
9667,-5.856,2.51,0.06793869
9670,1.243,0.307,0.30570447
9676,-0.663,0.858,0.04316252
9682,-0.76,0.843,0.14181017
9727,-13.949,5.041,0.04316252
9735,0.181,0.46,0.08052643
9773,-13.904,4.705,0.1292017
9790,-5.164,2.187,0.25609067
9793,1.16,0.22,0.25082545
9800,-0.702,0.719,0.27531128
9807,-0.56,0.898,0.1292017
9810,1.132,0.173,0.20707
9815,0.313,0.56,0.65756879
9819,0.205,0.343,0.27531128
9822,1.139,0.362,0.25609067
9830,0.545,0.889,0.06793869
9859,-9.228,3.879,0.01936618
9862,1.09,0.256,0.1709423
9879,-5.314,2.046,0.20848115
9881,1.089,0.222,0.16731505
9883,1.025,0.087,0.28737835
9898,-3.273,1.704,0.05767309
9905,0.487,0.706,0.38413427
9913,-0.608,0.721,0.19993387
9925,-1.1,1.871,0.01936618
9948,-6.632,3.172,0.08052643
9955,-1.476,1.213,0.1341009
9964,-1.574,0.93,0.33628948
9971,-0.519,0.742,0.24642506
9980,-1.754,0.453,0.82091068
9985,-0.702,0.677,0.02606726
9993,-1.614,1.316,0.14478646
10000,0.348,0.731,0.20848115
10004,0.297,0.442,0.08052643
10010,0.49,0.91,0.16225102
10024,-4.451,1.075,0.08052643
10027,1.143,0.259,0.31826592
10029,1.03,0.188,0.19993387
10034,1.318,0.771,0.20582358
10043,-1.486,1.203,0.14920605
10059,-4.275,1.576,0.1292017
10072,-1.391,1.093,0.18957809
10074,1.088,0.138,0.28737835
10091,-6.225,1.89,0.11262371
10136,-14.42,5.37,0.11262371
10150,-4.025,1.793,0.08052643
10155,0.134,0.381,0.01936618
10157,1.175,0.281,0.66602862
10158,1.01,0.292,0.9962243
10182,-6.444,3.315,0.02606726
10202,-7.07,2.267,0.22252502
10208,1.432,0.8,0.19993387
10244,-9.865,3.206,0.03211208
10255,-3.602,1.203,0.01936618
10265,-1.587,0.564,0.2659298
10276,-2.526,0.977,0.11488941
10278,1.022,0.133,0.31826592
10283,0.309,0.96,0.32184304
10287,1.243,0.355,0.28737835
10321,-9.472,3.928,0.02606726
10348,-10.794,3.288,0.03211208
10356,-0.641,0.979,0.24642506
10358,1.177,0.362,0.14478646
10363,0.553,1.109,0.86050439
10372,-1.498,0.945,0.06793869
10380,-1.619,1.026,0.11488941
10385,0.226,0.601,0.1292017
10387,1.277,0.294,0.92304744
10410,-4.972,2.76,0.02606726
10444,-13.425,4.914,0.04316252
10445,1.01,0.071,0.97497347
10466,-8.058,2.341,0.25033968
10473,0.494,0.91,0.01936618
10491,-4.099,1.682,0.08052643
10493,1.084,0.142,0.82091068
10495,1.126,0.219,0.50464297
10496,1.01,0.123,0.35206481
10502,-1.689,0.572,0.04316252
10503,1.01,0.124,0.9005571
10524,-6.879,2.714,0.01936618
10534,-2.577,1.035,0.1709423
10540,0.349,0.526,0.25033968
10541,1.01,0.061,0.11441689
10545,0.227,0.523,0.14478646
10558,-2.102,1.724,0.02606726
10571,-2.172,1.613,0.18957809
10585,-1.351,1.596,0.01936618
10589,0.296,0.513,0.1341009
10601,-1.355,1.224,0.06793869
10611,-0.473,1.218,0.1341009
10615,1.252,0.592,0.05767309
10616,1.01,0.073,0.30570447
10631,-3.147,1.635,0.06793869
10650,-4.997,2.156,0.20848115
10656,0.275,0.625,0.11488941
10657,1.01,0.02,0.91373003
10666,-1.682,0.568,0.1709423
10674,-0.435,0.852,0.08052643
10682,-1.483,1.076,0.11262371
10685,1.189,0.307,0.05767309
10692,0.604,0.84,0.1709423
10699,0.486,1.025,0.33911364
10710,-2.462,1.313,0.08052643
10723,-2.571,1.33,0.04316252
10738,-4.377,2.001,0.02606726
10741,0.074,0.334,0.50464297
10752,-2.189,1.424,0.14181017
10760,-0.429,1.246,0.04316252
10766,0.236,0.51,0.08052643
10789,-6.801,3.098,0.03211208
10801,-0.635,0.952,0.02606726
10808,-0.427,1.105,0.06793869
10809,1.01,0.07,0.66896614
10816,0.534,0.838,0.05767309
10819,1.28,0.283,0.08052643
10842,-7.148,3.025,0.01936618
10860,-5.848,2.61,0.03211208
10873,-3.38,1.14,0.08052643
10909,-14.924,4.259,0.08052643
10914,-0.702,0.695,0.14478646
10919,1.227,0.449,0.25082545
10925,0.404,0.64,0.1709423
10926,1.01,0.267,0.92304744
10936,-2.447,1.035,0.11441689
10953,-5.481,1.677,0.1709423
10970,-4.162,1.886,0.20707
10975,0.26,0.599,0.11488941
10976,1.01,0.184,0.38138034
10996,-6.422,1.43,0.02606726
10999,0.175,0.458,0.32184304
11007,-1.545,1.087,0.05767309
11021,-5.633,1.469,0.11262371
11023,1.187,0.217,0.45673309
11024,1.01,0.193,0.5901214
11032,-1.565,0.95,0.1709423
11034,1.187,0.297,0.24058643
11035,1.01,0.163,0.33911364
11042,-0.598,1.291,0.04316252
11067,-8.093,3.025,0.01936618
11077,-0.092,1.529,0.11262371
11087,-1.197,1.378,0.1341009
11089,1.083,0.267,0.14478646
11095,-0.654,1.149,0.03211208
11106,-3.803,0.57,0.47105341
11114,-1.638,0.778,0.2659298
11140,-7.79,2.794,0.01936618
11149,-1.372,1.423,0.16225102
11151,1.15,0.253,0.04316252
11155,1.297,0.393,0.25033968
11158,1.148,0.356,0.11262371
11160,1.078,0.222,0.20582358
11166,0.362,0.833,0.14181017
11168,1.077,0.191,0.56344817
11171,1.254,0.359,0.4100498
11180,-0.383,1.201,0.04316252
11182,1.136,0.2,0.8798815
11189,0.408,0.836,0.04316252
11190,1.01,0.126,0.93541567
11198,-0.752,0.648,0.04316252
11206,-0.443,0.947,0.11441689
11209,1.205,0.234,0.52516486
11217,-1.435,1.018,0.02606726
11233,-3.164,1.89,0.08052643
11236,1.381,0.531,0.14478646
11248,-1.278,1.501,0.11441689
11257,-0.599,0.835,0.06793869
11269,-2.285,1.515,0.16731505
11274,0.423,0.716,0.11441689
11275,1.01,0.091,0.11488941
11287,-1.101,1.625,0.18957809
11290,0.03,0.293,0.25609067
11302,-2.326,1.508,0.1709423
11315,-2.358,1.814,0.06793869
11317,1.155,0.275,0.1292017
11321,0.189,0.331,0.25033968
11323,1.074,0.164,0.06793869
11326,1.317,0.327,0.5823415
11329,1.223,0.226,0.08052643
11348,-3.773,2.948,0.08052643
11355,-1.688,0.788,0.20582358
11363,-0.388,1.512,0.02606726
11366,1.249,0.36,0.20582358
11369,1.472,0.476,0.08052643
11372,1.257,0.401,0.20582358
11383,-1.571,0.874,0.31826592
11389,0.361,0.777,0.05767309
11392,1.441,0.501,0.14181017
11396,0.244,0.479,0.66602862
11403,0.529,0.945,0.05767309
11407,0.158,0.325,0.30570447
11421,-2.122,1.721,0.08052643
11442,-7.035,2.266,0.11488941
11447,0.336,0.597,0.05767309
11454,-0.702,0.628,0.52516486
11460,-0.7,0.595,0.25082545
11464,0.097,0.242,0.1709423
11467,1.28,0.414,0.60818677
11476,-0.429,0.901,0.06793869
11485,-2.593,1.081,0.16731505
11489,1.222,0.241,0.06793869
11495,-0.687,0.601,0.06793869
11503,-1.712,0.614,0.35206481
11507,1.396,0.556,0.35206481
11510,0.307,0.553,0.01936618
11518,-0.576,0.799,0.02606726
11521,1.362,0.372,0.16731505
11541,-3.087,1.874,0.01936618
11544,1.257,0.338,0.11488941
11563,-3.746,2.582,0.1341009
11572,-1.251,1.447,0.14478646
11574,1.078,0.142,0.82091068
11588,-3.302,1.401,0.04316252
11604,-4.69,2.598,0.05767309
11611,0.426,0.764,0.04316252
11614,0.224,0.528,0.18957809
11622,-0.397,1.007,0.06793869
11631,-1.571,0.956,0.04316252
11635,1.303,0.5,0.16731505
11639,1.289,0.505,0.1341009
11642,1.313,0.329,0.04316252
11652,-3.559,1.363,0.14181017
11656,1.398,0.424,0.05767309
11662,0.377,0.478,0.11262371
11672,-1.444,1.045,0.16731505
11679,1.438,0.58,0.26176816
11684,1.394,0.795,0.14181017
11694,-1.295,1.269,0.14478646
11699,-0.827,0.528,0.33628948
11705,-0.437,0.978,0.11488941
11709,0.271,0.966,0.14181017
11719,-1.592,1.226,0.14181017
11721,1.026,0.401,0.18957809
11747,-8.142,4.113,0.14181017
11763,-3.704,2.886,0.14181017
11765,1.226,0.356,0.14181017
11773,-0.772,0.712,0.22252502
11776,1.27,0.329,0.20582358
11782,0.375,0.904,0.04316252
11788,0.579,1.152,0.14181017
11793,0.299,0.548,0.28737835
11805,-2.478,0.917,0.01936618
11818,-2.291,1.465,0.16731505
11826,-0.713,0.709,0.19993387
11837,-2.579,1.145,0.01936618
11838,1.01,0.267,0.92304744
11845,0.321,0.791,0.04316252
11858,-3.457,1.259,0.1292017
11862,1.148,0.507,0.04316252
11874,-3.352,1.569,0.11488941
11883,-0.394,0.929,0.11488941
11887,0.166,0.275,0.52516486
11911,-10.689,1.215,0.14181017
11919,-1.422,1.176,0.18957809
11932,-2.259,1.302,0.18957809
11934,1.089,0.222,0.16731505
11942,-0.351,1.51,0.1341009
11952,-0.646,1.012,0.02606726
11975,-5.823,2.789,0.01936618
11982,-0.611,0.728,0.18957809
11983,1.01,0.06,0.28737835
11989,-0.552,1.085,0.14181017
11990,1.01,0.104,0.70734803
12021,-12.009,2.503,0.11262371
12023,1.063,0.095,0.2659298
12038,-5.419,1.347,0.04316252
12048,-1.513,0.934,0.24058643
12051,1.137,0.358,0.05767309
12052,1.01,0.091,0.01936618
12070,-6.037,2.168,0.11262371
12074,1.235,0.335,0.4100498
12083,-1.52,0.973,0.4100498
12087,1.37,0.399,0.4100498
12096,-1.794,1.294,0.03211208
12099,1.153,0.234,0.11488941
12102,1.052,0.232,0.28737835
12108,0.303,0.398,0.06793869
12112,1.423,0.523,0.11441689
12123,-2.617,0.859,0.08052643
12129,-0.696,0.577,0.11262371
12143,-3.225,2.002,0.01936618
12152,-2.447,1.156,0.14181017
12156,0.148,0.306,0.2659298
12158,1.052,0.143,0.25033968
12162,1.371,0.464,0.16731505
12165,1.175,0.232,0.02606726
12176,-1.647,0.843,0.02606726
12181,0.214,0.262,0.1709423
12184,1.177,0.245,0.11488941
12192,-0.637,0.514,0.08052643
12203,-0.453,1.108,0.25033968
12211,-0.646,0.739,0.11262371
12216,0.062,0.351,0.01936618
12227,-2.339,1.604,0.02606726
12231,1.247,0.468,0.05767309
12236,0.337,0.51,0.24058643
12269,-12.259,3.61,0.03211208
12272,1.151,0.183,0.2659298
12285,-3.423,1.289,0.25082545
12295,-0.641,0.683,0.02606726
12304,-0.329,1.454,0.28737835
12311,-0.447,1.437,0.14181017
12316,0.283,0.478,0.70734803
12332,-3.946,2.06,0.14920605
12335,1.364,0.468,0.14478646
12339,1.235,0.261,0.4100498
12345,0.258,0.402,0.08052643
12370,-6.924,2.188,0.1292017
12372,1.086,0.166,0.11488941
12375,0.13,0.351,0.24058643
12385,-1.39,1.275,0.08052643
12401,-4.214,2.031,0.11488941
12404,1.36,0.364,0.08052643
12412,-0.832,0.564,0.08052643
12424,-2.469,0.915,0.11488941
12429,-0.83,0.477,0.24058643
12434,0.318,0.573,0.05767309
12436,1.101,0.104,0.01936618
12442,0.262,0.406,0.01936618
12443,1.01,0.103,0.50464297
12453,-2.62,0.729,0.1292017
12463,-0.352,1.227,0.08052643
12467,0.352,0.464,0.25082545
12470,1.323,0.539,0.14478646
12476,1.488,0.699,0.11488941
12480,0.248,0.604,0.66602862
12491,-2.146,1.605,0.06793869
12494,1.166,0.277,0.50464297
12497,1.153,0.234,0.11488941
12514,-4.994,2.501,0.03211208
12518,0.224,0.409,0.50133923
12529,-0.491,1.122,0.04316252
12536,0.366,0.498,0.08052643
12540,0.208,0.42,0.26176816
12542,1.069,0.08,0.6440377
12545,1.233,0.267,0.16731505
12551,0.419,0.735,0.56344817
12557,-0.79,0.417,0.20582358
12561,0.346,0.541,0.24642506
12573,-2.597,0.94,0.02606726
12579,-0.664,0.746,0.20707
12603,-6.334,3.182,0.02606726
12605,0.01,0.299,0.02606726
12608,1.275,0.336,0.11262371
12613,1.401,0.497,0.1292017
12614,1.01,0.113,0.39507319
12619,0.1,0.57,0.1292017
12623,-0.969,0.206,0.08052643
12630,-0.747,0.82,0.03211208
12640,-1.105,1.563,0.06793869
12662,-4.88,2.399,0.02606726
12678,-3.082,1.886,0.14181017
12691,-3.346,1.106,0.11262371
12696,0.451,0.642,0.1709423
12703,0.223,0.526,0.20707
12712,-1.565,1.356,0.04316252
12726,-3.583,1.386,0.02606726
12727,1.01,0.157,0.24549004
12729,1.084,0.219,0.76334807
12743,-3.249,1.32,0.1292017
12748,1.4,0.543,0.25082545
12768,-4.879,2.616,0.05767309
12782,-4.659,1.174,0.19993387
12791,-0.568,1.123,0.02606726
12802,-2.266,1.316,0.20848115
12805,0.099,0.334,0.24549004
12808,1.276,0.411,0.76334807
12812,1.145,0.661,0.4100498
12815,1.051,0.101,0.08052643
12819,0.143,0.28,0.25082545
12822,1.346,0.425,0.24642506
12826,0.348,0.535,0.14478646
12834,-1.289,1.298,0.06793869
12843,-1.661,0.812,0.01936618
12847,1.289,0.505,0.1341009
12852,-1.907,0.705,0.14181017
12854,1.187,0.371,0.14478646
12857,1.111,0.361,0.1292017
12875,-4.384,1.119,0.1292017
12886,-2.249,1.41,0.11488941
12891,1.306,0.478,0.4100498
12901,-0.366,1.152,0.14920605
12923,-6.01,2.488,0.01936618
12926,1.169,0.281,0.50130547
12938,-3.353,1.564,0.14181017
12946,-0.459,0.817,0.20582358
12961,-5.553,1.203,0.01936618
12966,0.431,0.602,0.14181017
12980,-2.99,2.478,0.33628948
12981,1.01,0.154,0.98070889
12985,0.097,0.448,0.06793869
12994,-2.657,0.933,0.33628948
13003,-1.748,0.734,0.24549004
13010,-0.638,0.627,0.11488941
13019,-1.589,1.096,0.01936618
13024,0.23,0.424,0.2659298
13026,1.218,0.35,0.33628948
13028,1.078,0.196,0.20582358
13034,-0.663,0.606,0.24549004
13036,1.136,0.168,0.2659298
13050,-3.351,1.929,0.05767309
13073,-4.706,3.462,0.03211208
13075,1.126,0.424,0.1341009
13089,-2.459,1.486,0.04316252
13093,0.106,0.539,0.20582358
13103,-2.556,0.84,0.19993387
13107,1.284,0.447,0.50464297
13113,0.556,0.767,0.76334807
13117,1.174,0.754,0.1341009
13125,-0.573,0.65,0.08052643
13129,1.314,0.33,0.04316252
13135,-0.786,0.479,0.21766825
13146,-2.43,1.526,0.04316252
13148,1.113,0.178,0.4100498
13166,-4.406,1.564,0.01936618
13171,1.353,0.442,0.08052643
13177,0.494,0.633,0.27531128
13179,1.189,0.307,0.5823415
13181,1.113,0.167,0.50464297
13190,-1.492,1.251,0.1341009
13200,-1.464,1.333,0.1292017
13203,1.257,0.419,0.20582358
13207,1.283,0.402,0.20582358
13211,1.3,0.441,0.05767309
13217,0.362,0.438,0.76334807
13221,0.173,0.395,0.1709423
13245,-6.081,2.086,0.01936618
13250,0.415,0.543,0.28737835
13262,-2.427,1.019,0.1709423
13265,1.391,0.522,0.14181017
13272,-0.571,0.874,0.03211208
13282,-1.542,1.198,0.02606726
13292,0.559,1.22,0.16731505
13305,-2.3,1.272,0.11262371
13309,1.227,0.351,0.1709423
13320,-1.536,1.251,0.1709423
13321,1.01,0.154,0.98070889
13330,-1.179,1.212,0.1292017
13338,-0.63,0.564,0.08052643
13340,1.178,0.21,0.2659298
13343,0.154,0.332,0.16731505
13351,-1.574,0.656,0.08052643
13359,0.403,0.598,0.20707
13365,0.333,0.845,0.02606726
13368,1.332,0.539,0.14478646
13378,-0.485,0.824,0.11262371
13388,-1.357,1.42,0.05767309
13396,-0.354,1.004,0.1292017
13401,0.405,0.649,0.16731505
13412,-1.168,1.166,0.06793869
13415,0.187,0.514,0.14920605
13430,-3.065,2.223,0.01936618
13438,-0.539,0.616,0.11488941
13446,-0.626,0.635,0.08052643
13473,-9.593,3.821,0.05767309
13483,-2.375,1.212,0.11488941
13491,-1.514,1.003,0.33628948
13499,-0.788,0.38,0.08052643
13506,-1.924,0.285,0.08052643
13509,1.096,0.216,0.1292017
13511,1.074,0.135,0.06793869
13533,-5.93,3.15,0.14181017
13545,-3.413,1.343,0.46110683
13555,-1.631,0.844,0.01936618
13565,-1.613,0.792,0.16225102
13568,1.429,0.503,0.11262371
13581,-2.084,1.729,0.04316252
13585,0.211,0.619,0.1341009
13588,1.214,0.224,0.6440377
13591,1.094,0.191,0.28737835
13593,1.121,0.229,0.50133923
13598,0.312,0.542,0.01936618
13601,0.178,0.411,0.4100498
13604,0.173,0.394,0.33911364
13608,0.09,0.451,0.27531128
13613,0.353,0.523,0.01936618
13614,1.01,0.121,0.31826592
13615,1.01,0.12,0.78496239
13618,1.181,0.344,0.11441689
13632,-3.473,1.208,0.1292017
13642,-1.617,1.011,0.19993387
13650,-0.418,1.089,0.5823415
13657,-0.636,0.692,0.16731505
13671,-2.445,1.238,0.02606726
13679,-2.398,1.291,0.03211208
13686,-0.618,0.772,0.2659298
13695,-0.464,0.85,0.45673309
13708,-2.402,1.113,0.11441689
13723,-3.387,1.477,0.01936618
13735,-2.169,1.528,0.06793869
13742,-1.723,0.574,0.2659298
13753,-2.409,1.065,0.1709423
13759,0.384,0.707,0.27531128
13764,-0.811,0.556,0.11488941
13767,0.177,0.395,0.11441689
13772,1.321,0.362,0.11262371
13776,1.452,0.686,0.14181017
13788,-2.371,1.286,0.11488941
13812,-7.826,3.3,0.04316252
13815,0.074,0.295,0.91189265
13817,1.03,0.152,0.02606726
13818,1.01,0.068,0.20582358
13825,-1.408,1.205,0.52516486
13831,-0.706,0.746,0.21766825
13835,0.278,0.463,0.18957809
13842,-0.75,0.681,0.2659298
13846,0.301,0.492,0.37372287
13854,-1.547,0.848,0.06793869
13857,1.105,0.183,0.2659298
13863,-0.726,0.723,0.24642506
13866,1.345,0.522,0.03211208
13869,0.154,0.744,0.1341009
13872,1.199,0.265,0.11488941
13895,-6.781,2.808,0.14478646
13919,-8.089,1.661,0.08052643
13929,-0.36,1.381,0.14478646
13933,0.148,0.226,0.27531128
13938,1.237,0.325,0.06793869
13943,-0.858,0.439,0.26176816
13954,-0.202,1.62,0.14181017
13956,1.138,0.27,0.60818677
13959,0.15,0.314,0.04316252
13964,-0.651,0.753,0.24058643
13977,-2.326,1.21,0.14920605
13985,1.405,0.878,0.04316252
13994,-1.481,1.214,0.39507319
14000,0.326,0.463,0.11441689
14003,1.158,0.415,0.37576764
14006,1.105,0.183,0.2659298
14014,-0.561,0.925,0.11262371
14015,1.01,0.087,0.37372287
14025,-1.608,1.442,0.11262371
14036,-1.145,1.535,0.05767309
14043,-0.551,0.782,0.2659298
14051,-0.372,1.17,0.11441689
14055,1.357,0.387,0.52516486
14071,-4.232,1.352,0.11262371
14078,0.506,0.621,0.08052643
14086,0.422,1.048,0.38138034
14089,1.229,0.232,0.08052643
14094,0.322,0.485,0.08052643
14102,-1.63,0.727,0.04316252
14104,1.05,0.183,0.53568113
14108,1.17,0.295,0.28737835
14117,-0.242,1.294,0.16225102
14125,-0.7,0.717,0.11488941
14128,1.208,0.25,0.50130547
14137,-0.641,1.273,0.04316252
14143,0.367,0.645,0.25033968
14145,1.083,0.267,0.14478646
14148,0.218,0.421,0.1709423
14158,-2.4,1.284,0.04316252
14159,1.01,0.123,0.35206481
14171,-3.436,1.102,0.08052643
14181,-1.664,1.081,0.01936618
14184,1.287,0.431,0.24058643
14192,0.625,1.008,0.4100498
14198,-0.593,0.912,0.16225102
14199,1.01,0.127,0.22252502
14202,1.284,0.347,0.14478646
14207,1.239,0.443,0.11441689
14217,-1.405,0.963,0.06793869
14220,1.396,0.502,0.1341009
14224,0.174,0.354,0.06793869
14226,1.03,0.144,0.9005571
14232,-0.693,0.977,0.1341009
14236,0.462,0.781,0.06793869
14241,1.246,0.397,0.08052643
14252,-1.068,1.643,0.03211208
14260,0.264,0.488,0.01936618
14268,-0.658,0.681,0.02606726
14273,0.492,0.774,0.08052643
14284,-1.447,1.206,0.11488941
14297,-2.382,1.622,0.05767309
14303,-0.648,0.645,0.11262371
14321,-4.149,1.517,0.11441689
14336,-4.305,1.69,0.18957809
14352,-3.433,1.731,0.11488941
14355,1.283,0.365,0.01936618
14363,-0.546,0.712,0.4100498
14365,1.277,0.295,0.20848115
14366,1.01,0.111,0.50133923
14369,1.295,0.429,0.16731505
14370,1.01,0.071,0.97497347
14378,0.397,0.987,0.1709423
14379,1.01,0.123,0.35206481
14387,0.455,0.816,0.14920605
14392,0.201,0.385,0.76334807
14402,-1.173,1.385,0.05767309
14410,-0.616,0.781,0.16731505
14413,1.257,0.401,0.20582358
14423,-2.127,1.694,0.04316252
14437,-3.485,1.949,0.04316252
14444,0.347,0.788,0.14478646
14454,-0.555,0.721,0.1709423
14457,0.088,0.399,0.20848115
14463,1.429,0.638,0.5823415
14466,0.12,0.364,0.21766825
14471,0.359,0.632,0.05767309
14475,1.379,0.655,0.14478646
14488,-2.494,0.949,0.11262371
14501,-2.032,1.944,0.16731505
